Equipo,Age,CrdY,CrdR,Temporada,Posesion%,AciertoPase%,Goles,Aereos,Tiros_pp,Tiros_AP_pp,Regates_pp,Faltas_a_favor_pp,Juego_abierto,Contraataque,Balon_Parado
Arsenal,28.3,48,3.0,00_01,,,,,,,,,,,
Aston Villa,28.1,64,3.0,00_01,,,,,,,,,,,
Bradford City,30.2,57,1.0,00_01,,,,,,,,,,,
Charlton Athletic,26.8,49,2.0,00_01,,,,,,,,,,,
Chelsea,28.1,72,2.0,00_01,,,,,,,,,,,
Coventry City,25.7,74,2.0,00_01,,,,,,,,,,,
Derby County,25.3,80,3.0,00_01,,,,,,,,,,,
Everton,27.0,80,4.0,00_01,,,,,,,,,,,
Ipswich,26.3,32,2.0,00_01,,,,,,,,,,,
Leeds,24.6,75,3.0,00_01,,,,,,,,,,,
Leicester,27.4,61,2.0,00_01,,,,,,,,,,,
Liverpool,25.4,55,4.0,00_01,,,,,,,,,,,
Manchester City,26.1,67,3.0,00_01,,,,,,,,,,,
Manchester Utd,26.9,44,3.0,00_01,,,,,,,,,,,
Middlesbrough,29.3,78,6.0,00_01,,,,,,,,,,,
Newcastle,26.0,48,5.0,00_01,,,,,,,,,,,
Southampton,27.1,51,1.0,00_01,,,,,,,,,,,
Sunderland,26.4,73,5.0,00_01,,,,,,,,,,,
Tottenham,26.3,49,3.0,00_01,,,,,,,,,,,
West Ham,27.6,72,2.0,00_01,,,,,,,,,,,
Arsenal,27.3,81,6.0,01_02,,,,,,,,,,,
Aston Villa,27.2,42,2.0,01_02,,,,,,,,,,,
Blackburn,27.2,58,4.0,01_02,,,,,,,,,,,
Bolton,28.6,58,6.0,01_02,,,,,,,,,,,
Charlton Athletic,26.6,61,3.0,01_02,,,,,,,,,,,
Chelsea,26.8,71,2.0,01_02,,,,,,,,,,,
Derby County,25.8,70,2.0,01_02,,,,,,,,,,,
Everton,28.0,62,4.0,01_02,,,,,,,,,,,
Fulham,27.7,51,1.0,01_02,,,,,,,,,,,
Ipswich,27.2,42,1.0,01_02,,,,,,,,,,,
Leeds,26.0,74,5.0,01_02,,,,,,,,,,,
Leicester,27.1,76,3.0,01_02,,,,,,,,,,,
Liverpool,25.5,43,2.0,01_02,,,,,,,,,,,
Manchester Utd,27.5,52,1.0,01_02,,,,,,,,,,,
Middlesbrough,28.2,54,7.0,01_02,,,,,,,,,,,
Newcastle,25.9,47,2.0,01_02,,,,,,,,,,,
Southampton,27.5,34,3.0,01_02,,,,,,,,,,,
Sunderland,26.5,67,1.0,01_02,,,,,,,,,,,
Tottenham,28.7,59,4.0,01_02,,,,,,,,,,,
West Ham,27.4,68,3.0,01_02,,,,,,,,,,,
Arsenal,27.8,56,2.0,02_03,,,,,,,,,,,
Aston Villa,26.2,66,4.0,02_03,,,,,,,,,,,
Birmingham,27.9,74,3.0,02_03,,,,,,,,,,,
Blackburn,27.7,66,4.0,02_03,,,,,,,,,,,
Bolton,29.1,71,3.0,02_03,,,,,,,,,,,
Charlton Athletic,27.0,56,1.0,02_03,,,,,,,,,,,
Chelsea,27.8,62,1.0,02_03,,,,,,,,,,,
Everton,27.4,56,5.0,02_03,,,,,,,,,,,
Fulham,27.3,58,6.0,02_03,,,,,,,,,,,
Leeds,25.8,73,1.0,02_03,,,,,,,,,,,
Liverpool,24.9,48,1.0,02_03,,,,,,,,,,,
Manchester City,27.8,58,5.0,02_03,,,,,,,,,,,
Manchester Utd,27.0,46,1.0,02_03,,,,,,,,,,,
Middlesbrough,26.4,53,4.0,02_03,,,,,,,,,,,
Newcastle,24.8,48,2.0,02_03,,,,,,,,,,,
Southampton,27.2,49,3.0,02_03,,,,,,,,,,,
Sunderland,26.0,60,0.0,02_03,,,,,,,,,,,
Tottenham,28.1,64,4.0,02_03,,,,,,,,,,,
West Bromwich Albion,27.2,49,4.0,02_03,,,,,,,,,,,
West Ham,27.3,67,4.0,02_03,,,,,,,,,,,
Arsenal,27.3,53,3.0,03_04,,,,,,,,,,,
Aston Villa,25.7,52,3.0,03_04,,,,,,,,,,,
Birmingham,27.4,46,5.0,03_04,,,,,,,,,,,
Blackburn,28.2,61,3.0,03_04,,,,,,,,,,,
Bolton,28.5,66,0.0,03_04,,,,,,,,,,,
Charlton Athletic,28.4,38,3.0,03_04,,,,,,,,,,,
Chelsea,25.9,46,3.0,03_04,,,,,,,,,,,
Everton,27.4,54,3.0,03_04,,,,,,,,,,,
Fulham,27.0,66,3.0,03_04,,,,,,,,,,,
Leeds,25.1,73,5.0,03_04,,,,,,,,,,,
Leicester,29.3,61,8.0,03_04,,,,,,,,,,,
Liverpool,26.0,46,1.0,03_04,,,,,,,,,,,
Manchester City,27.9,50,3.0,03_04,,,,,,,,,,,
Manchester Utd,25.8,46,3.0,03_04,,,,,,,,,,,
Middlesbrough,27.6,59,1.0,03_04,,,,,,,,,,,
Newcastle,25.8,48,3.0,03_04,,,,,,,,,,,
Portsmouth,28.6,63,3.0,03_04,,,,,,,,,,,
Southampton,28.1,54,3.0,03_04,,,,,,,,,,,
Tottenham,26.2,61,0.0,03_04,,,,,,,,,,,
Wolves,29.6,68,2.0,03_04,,,,,,,,,,,
Arsenal,26.2,47,1.0,04_05,,,,,,,,,,,
Aston Villa,25.7,57,2.0,04_05,,,,,,,,,,,
Birmingham,27.9,63,3.0,04_05,,,,,,,,,,,
Blackburn,27.8,75,5.0,04_05,,,,,,,,,,,
Bolton,28.6,54,2.0,04_05,,,,,,,,,,,
Charlton Athletic,28.0,39,4.0,04_05,,,,,,,,,,,
Chelsea,25.2,51,0.0,04_05,,,,,,,,,,,
Crystal Palace,25.7,59,3.0,04_05,,,,,,,,,,,
Everton,28.5,57,4.0,04_05,,,,,,,,,,,
Fulham,27.7,57,7.0,04_05,,,,,,,,,,,
Liverpool,26.2,45,2.0,04_05,,,,,,,,,,,
Manchester City,27.3,44,3.0,04_05,,,,,,,,,,,
Manchester Utd,26.0,52,5.0,04_05,,,,,,,,,,,
Middlesbrough,28.4,55,2.0,04_05,,,,,,,,,,,
Newcastle,25.9,60,5.0,04_05,,,,,,,,,,,
Norwich,27.6,35,2.0,04_05,,,,,,,,,,,
Portsmouth,27.5,54,2.0,04_05,,,,,,,,,,,
Southampton,28.4,45,2.0,04_05,,,,,,,,,,,
Tottenham,24.8,58,1.0,04_05,,,,,,,,,,,
West Bromwich Albion,27.1,44,5.0,04_05,,,,,,,,,,,
Arsenal,26.2,56,2.0,05_06,,,,,,,,,,,
Aston Villa,25.2,62,2.0,05_06,,,,,,,,,,,
Birmingham,28.0,56,7.0,05_06,,,,,,,,,,,
Blackburn,28.0,78,6.0,05_06,,,,,,,,,,,
Bolton,28.0,68,3.0,05_06,,,,,,,,,,,
Charlton Athletic,27.9,45,2.0,05_06,,,,,,,,,,,
Chelsea,25.9,65,5.0,05_06,,,,,,,,,,,
Everton,27.8,68,7.0,05_06,,,,,,,,,,,
Fulham,27.9,66,2.0,05_06,,,,,,,,,,,
Liverpool,26.3,53,5.0,05_06,,,,,,,,,,,
Manchester City,27.3,72,4.0,05_06,,,,,,,,,,,
Manchester Utd,26.4,61,2.0,05_06,,,,,,,,,,,
Middlesbrough,26.5,56,3.0,05_06,,,,,,,,,,,
Newcastle,26.7,68,6.0,05_06,,,,,,,,,,,
Portsmouth,26.7,53,1.0,05_06,,,,,,,,,,,
Sunderland,25.0,73,4.0,05_06,,,,,,,,,,,
Tottenham,24.9,55,5.0,05_06,,,,,,,,,,,
West Bromwich Albion,26.4,47,2.0,05_06,,,,,,,,,,,
West Ham,26.0,50,2.0,05_06,,,,,,,,,,,
Wigan,28.3,54,4.0,05_06,,,,,,,,,,,
Arsenal,25.1,60,3.0,06_07,,,,,,,,,,,
Aston Villa,25.5,48,1.0,06_07,,,,,,,,,,,
Blackburn,28.2,84,8.0,06_07,,,,,,,,,,,
Bolton,28.2,85,4.0,06_07,,,,,,,,,,,
Charlton Athletic,27.0,60,4.0,06_07,,,,,,,,,,,
Chelsea,26.7,66,4.0,06_07,,,,,,,,,,,
Everton,27.0,69,2.0,06_07,,,,,,,,,,,
Fulham,28.2,60,3.0,06_07,,,,,,,,,,,
Liverpool,26.1,43,0.0,06_07,,,,,,,,,,,
Manchester City,26.1,62,4.0,06_07,,,,,,,,,,,
Manchester Utd,27.3,58,1.0,06_07,,,,,,,,,,,
Middlesbrough,25.4,66,2.0,06_07,,,,,,,,,,,
Newcastle,26.1,67,1.0,06_07,,,,,,,,,,,
Portsmouth,28.3,51,1.0,06_07,,,,,,,,,,,
Reading,26.9,41,3.0,06_07,,,,,,,,,,,
Sheffield,26.0,68,2.0,06_07,,,,,,,,,,,
Tottenham,25.1,47,4.0,06_07,,,,,,,,,,,
Watford,25.2,49,2.0,06_07,,,,,,,,,,,
West Ham,25.4,86,2.0,06_07,,,,,,,,,,,
Wigan,27.7,77,3.0,06_07,,,,,,,,,,,
Arsenal,24.6,57,3.0,07_08,,,,,,,,,,,
Aston Villa,25.5,55,4.0,07_08,,,,,,,,,,,
Birmingham,25.3,68,3.0,07_08,,,,,,,,,,,
Blackburn,28.0,78,6.0,07_08,,,,,,,,,,,
Bolton,27.5,76,0.0,07_08,,,,,,,,,,,
Chelsea,27.0,65,5.0,07_08,,,,,,,,,,,
Derby County,27.6,64,1.0,07_08,,,,,,,,,,,
Everton,26.9,40,3.0,07_08,,,,,,,,,,,
Fulham,28.0,64,6.0,07_08,,,,,,,,,,,
Liverpool,26.2,46,1.0,07_08,,,,,,,,,,,
Manchester City,24.5,49,4.0,07_08,,,,,,,,,,,
Manchester Utd,26.7,51,2.0,07_08,,,,,,,,,,,
Middlesbrough,25.7,85,2.0,07_08,,,,,,,,,,,
Newcastle,27.0,61,1.0,07_08,,,,,,,,,,,
Portsmouth,28.2,59,3.0,07_08,,,,,,,,,,,
Reading,27.6,62,5.0,07_08,,,,,,,,,,,
Sunderland,24.9,63,4.0,07_08,,,,,,,,,,,
Tottenham,25.5,52,1.0,07_08,,,,,,,,,,,
West Ham,26.5,65,2.0,07_08,,,,,,,,,,,
Wigan,27.7,63,4.0,07_08,,,,,,,,,,,
Arsenal,24.1,63,3.0,08_09,,,,,,,,,,,
Aston Villa,27.1,53,2.0,08_09,,,,,,,,,,,
Blackburn,28.3,80,4.0,08_09,,,,,,,,,,,
Bolton,27.3,61,1.0,08_09,,,,,,,,,,,
Chelsea,27.5,48,2.0,08_09,,,,,,,,,,,
Everton,26.4,49,1.0,08_09,,,,,,,,,,,
Fulham,28.8,42,1.0,08_09,,,,,,,,,,,
Hull,27.7,71,3.0,08_09,,,,,,,,,,,
Liverpool,26.5,50,0.0,08_09,,,,,,,,,,,
Manchester City,24.5,52,4.0,08_09,,,,,,,,,,,
Manchester Utd,27.1,67,5.0,08_09,,,,,,,,,,,
Middlesbrough,24.5,57,3.0,08_09,,,,,,,,,,,
Newcastle,26.8,62,8.0,08_09,,,,,,,,,,,
Portsmouth,28.6,66,5.0,08_09,,,,,,,,,,,
Stoke,28.5,75,5.0,08_09,,,,,,,,,,,
Sunderland,26.1,69,1.0,08_09,,,,,,,,,,,
Tottenham,24.9,56,5.0,08_09,,,,,,,,,,,
West Bromwich Albion,25.2,65,1.0,08_09,,,,,,,,,,,
West Ham,26.6,70,4.0,08_09,,,,,,,,,,,
Wigan,26.5,65,4.0,08_09,,,,,,,,,,,
Arsenal,25.3,56,1.0,09_10,23.8,80.8,79.0,14.4,17.4,6.1,11.9,14.0,49.0,9.0,16.0
Aston Villa,27.9,62,2.0,09_10,22.9,71.8,51.0,18.8,13.1,4.2,4.9,11.4,23.0,4.0,16.0
Birmingham,26.8,72,1.0,09_10,18.1,67.2,38.0,16.9,11.9,4.1,6.3,13.2,17.0,4.0,14.0
Blackburn,27.3,61,2.0,09_10,20.0,63.8,40.0,21.2,12.9,4.2,4.4,12.1,13.0,2.0,21.0
Bolton,27.4,78,5.0,09_10,36.2,63.7,46.0,20.1,14.7,4.3,5.2,12.3,18.0,0.0,20.0
Burnley,27.9,57,2.0,09_10,48.0,68.7,43.0,15.2,12.1,4.0,6.0,12.2,30.0,2.0,4.0
Chelsea,28.7,60,5.0,09_10,55.4,82.5,100.0,11.6,21.9,7.6,8.6,12.3,63.0,8.0,17.0
Everton,27.4,58,2.0,09_10,52.6,75.0,59.0,16.2,15.5,5.1,5.8,14.3,32.0,2.0,17.0
Fulham,29.2,46,1.0,09_10,22.6,73.8,43.0,15.5,12.2,3.8,3.9,11.8,25.0,0.0,9.0
Hull,27.7,70,6.0,09_10,17.7,66.7,39.0,16.2,10.2,3.2,4.7,13.6,15.0,1.0,12.0
Liverpool,26.3,57,5.0,09_10,27.0,78.5,60.0,13.0,16.9,5.0,8.1,12.8,37.0,4.0,14.0
Manchester City,27.0,50,2.0,09_10,23.8,76.0,74.0,12.7,13.8,5.1,7.7,12.8,37.0,10.0,21.0
Manchester Utd,27.8,51,4.0,09_10,56.6,79.9,76.0,13.2,18.3,5.8,8.7,11.7,51.0,6.0,13.0
Portsmouth,28.2,76,5.0,09_10,20.4,73.6,37.0,13.7,14.0,4.0,6.0,11.8,17.0,2.0,12.0
Stoke,28.5,69,5.0,09_10,16.1,62.2,35.0,19.6,10.6,3.0,3.9,10.3,16.0,1.0,14.0
Sunderland,25.4,87,9.0,09_10,21.7,65.9,48.0,18.9,11.7,4.2,5.7,11.8,25.0,6.0,9.0
Tottenham,25.4,58,1.0,09_10,22.8,76.1,67.0,18.2,17.9,5.9,9.0,13.2,42.0,6.0,17.0
West Ham,26.0,69,3.0,09_10,18.2,74.9,50.0,15.3,14.4,5.0,7.2,13.5,22.0,0.0,18.0
Wigan,26.3,64,3.0,09_10,23.0,74.3,37.0,14.9,14.6,4.6,8.9,12.7,24.0,1.0,10.0
Wolves,25.9,65,4.0,09_10,20.9,67.3,31.0,15.0,11.5,3.1,3.6,11.0,14.0,0.0,12.0
Arsenal,24.8,70,6.0,10_11,57.7,83.4,72.0,13.7,17.2,6.3,10.5,11.1,54.0,3.0,9.0
Aston Villa,27.5,71,2.0,10_11,49.1,73.4,48.0,16.5,13.3,4.3,5.9,11.9,28.0,4.0,9.0
Birmingham,28.0,59,3.0,10_11,47.9,70.6,37.0,16.9,10.6,3.2,4.0,11.8,18.0,1.0,16.0
Blackburn,27.8,66,5.0,10_11,44.0,64.2,46.0,15.7,11.9,3.6,5.6,11.3,22.0,1.0,18.0
Blackpool,26.8,47,2.0,10_11,49.9,75.4,59.0,13.5,14.0,4.2,7.0,10.5,27.0,3.0,17.0
Bolton,28.1,70,5.0,10_11,47.4,66.6,52.0,20.9,15.0,4.6,5.9,11.0,29.0,3.0,14.0
Chelsea,28.2,56,1.0,10_11,56.0,83.0,69.0,12.7,19.6,6.4,10.1,11.3,40.0,4.0,18.0
Everton,28.1,60,5.0,10_11,49.9,75.5,51.0,14.4,15.3,4.8,7.0,13.9,29.0,4.0,14.0
Fulham,29.8,52,1.0,10_11,50.2,75.5,49.0,16.0,14.4,4.5,5.4,12.0,27.0,2.0,17.0
Liverpool,26.9,64,2.0,10_11,51.5,76.6,61.0,13.9,15.3,5.4,7.6,11.4,38.0,3.0,11.0
Manchester City,25.4,76,5.0,10_11,52.5,81.5,58.0,12.2,14.4,4.7,9.1,11.1,35.0,2.0,13.0
Manchester Utd,28.3,59,3.0,10_11,54.6,80.8,78.0,12.6,16.3,5.6,8.2,10.2,54.0,5.0,13.0
Newcastle,26.3,76,2.0,10_11,49.8,75.4,57.0,15.8,13.3,4.4,7.6,13.5,29.0,1.0,20.0
Stoke,27.6,70,2.0,10_11,42.0,63.4,46.0,19.8,12.7,3.8,4.5,10.6,19.0,4.0,18.0
Sunderland,25.0,64,5.0,10_11,48.8,71.0,45.0,17.8,14.0,4.1,6.6,10.9,28.0,2.0,8.0
Tottenham,26.6,51,2.0,10_11,53.4,79.6,55.0,16.2,17.3,5.0,9.9,13.0,33.0,3.0,12.0
West Bromwich Albion,26.7,55,7.0,10_11,,,,,,,,,,,
West Ham,27.9,59,1.0,10_11,46.4,74.9,43.0,16.3,15.1,4.6,6.2,9.9,22.0,1.0,13.0
Wigan,25.8,69,4.0,10_11,50.6,74.8,40.0,12.5,13.4,4.5,9.9,11.4,20.0,5.0,9.0
Wolves,25.8,63,2.0,10_11,49.6,71.6,46.0,14.7,12.1,3.7,4.2,11.9,25.0,1.0,16.0
Arsenal,25.2,70,4.0,11_12,57.7,84.1,79.0,10.6,16.8,6.2,9.8,10.8,54.0,10.0,8.0
Aston Villa,27.3,71,2.0,11_12,45.7,72.2,37.0,13.5,11.5,3.6,5.6,9.4,30.0,1.0,3.0
Blackburn,25.5,69,5.0,11_12,43.8,71.2,48.0,9.4,11.9,3.8,6.2,9.6,19.0,2.0,19.0
Bolton,27.4,52,5.0,11_12,47.5,71.1,46.0,12.8,13.0,4.3,6.1,9.3,24.0,0.0,13.0
Chelsea,27.6,76,4.0,11_12,54.2,84.5,64.0,8.3,17.7,5.9,7.5,11.0,43.0,2.0,14.0
Everton,28.5,61,2.0,11_12,23.2,76.7,51.0,11.8,13.7,4.3,4.4,10.6,29.0,1.0,13.0
Fulham,29.6,54,0.0,11_12,49.3,81.4,48.0,9.5,14.2,5.1,6.4,11.1,28.0,3.0,9.0
Liverpool,26.3,58,5.0,11_12,53.6,80.7,45.0,12.9,17.6,5.4,7.5,10.1,24.0,3.0,14.0
Manchester City,25.8,59,5.0,11_12,56.6,85.4,93.0,9.0,19.4,6.6,8.6,9.8,59.0,6.0,19.0
Manchester Utd,26.3,51,1.0,11_12,55.9,84.8,89.0,8.3,17.0,6.4,8.7,10.2,58.0,2.0,18.0
Newcastle,25.6,67,2.0,11_12,47.9,76.0,51.0,10.9,12.9,4.1,6.3,11.4,37.0,4.0,8.0
Norwich,25.8,60,3.0,11_12,47.4,75.4,52.0,10.5,13.5,4.3,3.0,8.7,30.0,4.0,16.0
Queens Park Rangers,28.8,59,9.0,11_12,21.6,73.8,43.0,11.0,14.2,3.9,5.9,11.7,28.0,0.0,11.0
Stoke,27.9,60,2.0,11_12,43.3,69.1,38.0,15.3,9.9,2.5,3.7,10.4,14.0,1.0,16.0
Sunderland,25.8,62,4.0,11_12,45.6,73.6,45.0,10.8,12.1,3.7,5.4,10.1,29.0,3.0,10.0
Swansea City,25.4,41,2.0,11_12,56.2,85.1,44.0,5.9,12.4,3.8,8.0,11.4,30.0,1.0,7.0
Tottenham,27.6,47,3.0,11_12,55.5,84.2,66.0,11.0,18.4,6.1,8.6,10.2,47.0,5.0,9.0
West Bromwich Albion,27.8,48,1.0,11_12,,,,,,,,,,,
Wigan,26.3,69,3.0,11_12,49.9,79.9,42.0,7.9,13.7,4.3,7.6,11.1,23.0,2.0,11.0
Wolves,26.0,64,4.0,11_12,48.2,75.6,42.0,10.6,12.4,4.0,4.3,10.3,27.0,1.0,9.0
Arsenal,25.6,46,4.0,12_13,58.0,85.2,72.0,16.8,15.7,5.4,10.7,10.8,45.0,7.0,12.0
Aston Villa,24.1,75,3.0,12_13,33.2,77.2,53.0,18.9,11.5,3.7,6.6,9.1,28.0,6.0,10.0
Chelsea,26.4,54,3.0,12_13,44.4,82.7,74.0,13.5,16.5,5.6,7.3,11.9,45.0,3.0,15.0
Everton,28.8,63,3.0,12_13,38.6,79.0,53.0,18.6,16.7,5.4,5.3,13.1,37.0,3.0,11.0
Fulham,30.4,48,3.0,12_13,33.1,81.4,46.0,15.3,12.1,4.2,6.2,10.8,29.0,2.0,8.0
Liverpool,26.2,54,2.0,12_13,41.5,83.9,71.0,12.7,19.4,6.1,9.9,9.4,50.0,1.0,11.0
Manchester City,26.7,64,3.0,12_13,46.0,84.6,66.0,15.8,17.3,6.1,7.7,9.2,40.0,6.0,14.0
Manchester Utd,27.3,56,1.0,12_13,47.6,85.2,84.0,14.2,14.8,5.6,6.4,11.1,51.0,3.0,22.0
Newcastle,26.2,75,4.0,12_13,48.0,79.1,45.0,18.1,14.0,4.6,8.9,10.6,31.0,2.0,6.0
Norwich,26.7,60,1.0,12_13,27.0,73.0,41.0,17.1,10.9,3.5,4.8,10.5,22.0,0.0,17.0
Queens Park Rangers,28.2,61,3.0,12_13,33.7,76.2,34.0,15.3,13.2,3.9,9.2,11.4,20.0,4.0,5.0
Reading,27.2,45,1.0,12_13,32.4,69.2,41.0,18.4,10.3,3.4,4.4,11.3,22.0,2.0,13.0
Southampton,25.3,43,2.0,12_13,42.9,77.3,48.0,16.4,13.6,4.4,6.3,9.4,32.0,2.0,8.0
Stoke,27.1,83,4.0,12_13,35.7,69.9,37.0,28.9,10.3,3.0,4.2,9.4,14.0,1.0,15.0
Sunderland,26.2,63,3.0,12_13,31.1,75.2,42.0,17.1,11.0,3.7,6.2,12.1,21.0,3.0,11.0
Swansea City,26.6,59,2.0,12_13,53.8,84.4,48.0,12.9,13.3,4.4,5.2,11.0,40.0,2.0,5.0
Tottenham,26.3,54,2.0,12_13,33.0,82.5,62.0,14.6,17.9,6.3,8.0,10.3,46.0,6.0,10.0
West Bromwich Albion,27.6,62,4.0,12_13,,,,,,,,,,,
West Ham,28.0,74,1.0,12_13,30.5,73.6,45.0,21.1,13.0,4.2,5.0,9.6,25.0,2.0,12.0
Wigan,27.7,66,2.0,12_13,46.7,82.1,48.0,10.3,13.2,4.5,7.0,11.6,29.0,2.0,13.0
Arsenal,26.8,54,0.0,13_14,57.3,85.5,68.0,17.9,13.8,5.6,9.0,10.6,53.0,4.0,8.0
Aston Villa,24.6,78,0.0,13_14,32.5,73.2,42.0,19.3,11.3,3.6,6.2,9.2,24.0,4.0,8.0
Cardiff City,25.4,49,0.0,13_14,34.1,75.4,30.0,18.5,11.0,3.3,8.3,9.7,16.0,0.0,13.0
Chelsea,27.7,62,0.0,13_14,43.9,82.7,71.0,19.3,18.2,6.0,11.4,11.8,44.0,5.0,15.0
Crystal Palace,28.1,55,0.0,13_14,32.2,70.2,33.0,23.2,10.9,3.8,7.7,9.7,17.0,2.0,8.0
Everton,27.6,55,0.0,13_14,43.9,83.2,61.0,14.3,14.8,5.2,12.6,11.7,40.0,3.0,12.0
Fulham,29.0,59,0.0,13_14,40.0,78.0,43.0,17.1,11.3,3.9,8.0,10.2,21.0,1.0,14.0
Hull,27.5,55,0.0,13_14,42.8,76.1,39.0,18.9,11.3,3.5,5.8,10.5,21.0,2.0,10.0
Liverpool,25.7,53,0.0,13_14,48.5,84.1,101.0,15.2,17.1,6.8,12.4,10.8,51.0,9.0,26.0
Manchester City,27.7,72,0.0,13_14,47.4,85.5,100.0,15.2,17.7,6.3,8.9,9.0,66.0,5.0,20.0
Manchester Utd,26.7,70,0.0,13_14,42.2,84.0,64.0,15.4,13.8,4.8,8.9,11.8,46.0,1.0,11.0
Newcastle,26.4,54,0.0,13_14,38.9,79.4,43.0,20.6,15.2,4.8,10.1,9.2,28.0,3.0,8.0
Norwich,26.3,64,0.0,13_14,37.3,75.9,31.0,15.8,12.3,3.9,6.7,10.3,22.0,1.0,4.0
Southampton,25.1,61,0.0,13_14,49.7,81.1,55.0,17.4,14.1,4.7,8.9,9.9,35.0,2.0,12.0
Stoke,27.3,79,0.0,13_14,42.2,77.3,43.0,25.3,11.3,3.6,7.6,9.5,29.0,3.0,7.0
Sunderland,26.5,68,0.0,13_14,29.5,77.5,46.0,15.0,12.9,3.6,6.4,11.9,18.0,4.0,13.0
Swansea City,26.5,58,0.0,13_14,18.1,84.8,50.0,14.9,13.0,4.3,7.6,9.9,33.0,0.0,10.0
Tottenham,25.2,65,0.0,13_14,55.0,81.1,51.0,15.0,15.5,5.1,11.0,10.2,30.0,4.0,11.0
West Bromwich Albion,28.4,67,0.0,13_14,,,,,,,,,,,
West Ham,28.5,65,0.0,13_14,32.5,73.1,38.0,21.2,11.1,3.2,7.4,9.7,23.0,2.0,10.0
Arsenal,26.1,69,0.0,14_15,55.7,83.8,70.0,19.8,16.1,6.0,15.8,11.0,45.0,2.0,16.0
Aston Villa,26.3,76,0.0,14_15,49.1,79.0,32.0,18.4,11.0,3.3,7.6,11.1,18.0,2.0,10.0
Burnley,27.2,66,0.0,14_15,44.0,70.3,29.0,25.1,11.3,3.3,6.4,10.5,19.0,0.0,7.0
Chelsea,27.0,75,0.0,14_15,54.1,83.2,72.0,18.6,14.8,5.5,12.9,11.4,52.0,1.0,15.0
Crystal Palace,27.8,70,0.0,14_15,42.7,69.4,46.0,23.7,11.6,3.7,9.4,11.4,22.0,0.0,19.0
Everton,27.9,71,0.0,14_15,53.6,82.5,48.0,15.3,12.7,4.4,10.3,11.8,26.0,5.0,11.0
Hull,27.4,75,0.0,14_15,45.5,76.5,32.0,21.9,11.3,3.4,6.7,10.6,22.0,2.0,7.0
Leicester,27.9,49,0.0,14_15,44.8,71.1,51.0,23.4,12.0,3.6,9.2,9.2,27.0,3.0,12.0
Liverpool,25.2,70,0.0,14_15,54.3,82.8,51.0,14.9,15.5,5.1,11.5,12.3,35.0,2.0,6.0
Manchester City,28.6,82,0.0,14_15,57.0,84.6,84.0,15.9,17.6,6.0,11.4,7.8,53.0,10.0,12.0
Manchester Utd,26.0,68,0.0,14_15,58.8,85.1,61.0,15.8,13.5,4.7,9.8,10.4,43.0,2.0,12.0
Newcastle,25.9,78,0.0,14_15,48.1,76.9,41.0,17.7,12.3,3.8,11.7,11.6,31.0,1.0,7.0
Queens Park Rangers,28.2,79,0.0,14_15,46.3,70.8,42.0,21.7,14.1,3.9,8.1,10.3,23.0,1.0,12.0
Southampton,26.0,59,0.0,14_15,51.9,79.7,49.0,16.9,13.4,4.4,7.0,10.4,41.0,0.0,6.0
Stoke,27.4,84,0.0,14_15,50.2,77.5,47.0,24.4,13.2,3.6,9.4,10.8,37.0,1.0,6.0
Sunderland,27.8,96,0.0,14_15,46.2,76.1,35.0,15.3,10.7,3.4,9.0,11.8,15.0,2.0,9.0
Swansea City,26.6,54,0.0,14_15,50.7,82.1,45.0,14.4,11.2,3.9,9.2,12.2,36.0,1.0,4.0
Tottenham,24.4,81,0.0,14_15,55.2,81.2,58.0,16.0,13.9,4.5,10.9,10.1,36.0,2.0,15.0
West Bromwich Albion,28.0,64,0.0,14_15,,,,,,,,,,,
West Ham,26.8,66,0.0,14_15,46.7,74.6,45.0,22.9,12.9,4.0,6.8,11.0,29.0,1.0,12.0
Arsenal,27.0,45,0.0,15_16,56.9,84.2,66.0,15.2,15.1,5.6,13.0,11.4,45.0,3.0,13.0
Aston Villa,26.6,77,0.0,15_16,17.2,77.8,27.0,19.1,10.0,2.9,11.1,9.6,14.0,1.0,7.0
Bournemouth,27.7,53,0.0,15_16,51.0,79.8,45.0,15.3,12.2,3.7,10.9,10.4,28.0,0.0,12.0
Chelsea,26.8,62,0.0,15_16,54.4,82.5,58.0,14.1,13.8,4.6,12.3,12.6,39.0,1.0,11.0
Crystal Palace,27.7,62,0.0,15_16,46.8,74.4,40.0,17.8,12.3,4.0,10.3,11.3,19.0,0.0,15.0
Everton,26.5,50,0.0,15_16,51.5,81.4,58.0,12.9,12.9,4.6,11.7,10.8,41.0,3.0,8.0
Leicester,27.7,54,0.0,15_16,44.7,70.5,68.0,18.8,13.7,4.7,11.3,9.3,41.0,5.0,11.0
Liverpool,25.2,67,0.0,15_16,55.0,80.2,63.0,16.5,16.6,5.3,10.8,9.9,44.0,1.0,15.0
Manchester City,28.3,63,0.0,15_16,55.2,83.1,71.0,15.7,16.2,5.5,12.0,10.1,47.0,5.0,14.0
Manchester Utd,25.6,67,0.0,15_16,55.8,82.3,47.0,13.1,11.3,3.8,9.8,9.4,34.0,2.0,7.0
Newcastle,25.4,61,0.0,15_16,47.4,76.6,44.0,13.9,10.4,4.0,9.7,9.5,28.0,4.0,8.0
Norwich,27.7,64,0.0,15_16,46.5,73.6,39.0,17.4,11.0,3.4,8.4,8.1,27.0,0.0,10.0
Southampton,26.4,63,0.0,15_16,49.3,77.7,57.0,19.3,13.7,4.4,7.1,9.6,38.0,3.0,13.0
Stoke,27.4,53,0.0,15_16,50.0,79.1,41.0,16.4,11.0,3.4,10.6,10.1,29.0,0.0,6.0
Sunderland,27.3,68,0.0,15_16,43.3,71.0,48.0,17.3,11.6,3.7,8.0,10.1,24.0,2.0,15.0
Swansea City,27.6,60,0.0,15_16,52.0,80.9,43.0,13.7,11.6,3.6,7.9,11.9,25.0,3.0,8.0
Tottenham,24.5,72,0.0,15_16,27.3,80.5,71.0,14.3,17.3,6.6,9.5,10.2,44.0,2.0,17.0
Watford,28.2,77,0.0,15_16,46.3,72.6,40.0,17.4,11.7,3.7,8.7,10.2,23.0,0.0,8.0
West Bromwich Albion,29.1,65,0.0,15_16,,,,,,,,,,,
West Ham,26.6,57,0.0,15_16,49.1,77.6,67.0,17.7,14.7,4.9,10.4,11.8,42.0,2.0,16.0
Arsenal,26.9,69,0.0,16_17,58.6,83.8,77.0,16.6,14.9,5.3,12.0,10.2,55.0,2.0,12.0
Bournemouth,27.0,56,2.0,16_17,51.1,81.3,55.0,14.5,11.9,4.2,11.1,12.6,32.0,2.0,12.0
Burnley,27.7,67,1.0,16_17,39.7,67.9,39.0,24.1,10.3,3.2,4.7,10.7,19.0,2.0,12.0
Chelsea,27.2,72,0.0,16_17,54.8,83.9,85.0,14.1,15.3,5.4,13.3,12.3,52.0,7.0,22.0
Crystal Palace,27.7,79,0.0,16_17,45.1,73.4,50.0,22.0,11.6,3.6,10.3,12.2,32.0,0.0,12.0
Everton,27.5,74,1.0,16_17,51.8,79.0,62.0,17.5,13.2,5.0,10.6,10.8,41.0,2.0,12.0
Hull,27.4,67,0.0,16_17,45.2,77.4,37.0,15.6,10.4,3.3,6.9,10.0,16.0,3.0,14.0
Leicester,27.8,73,0.0,16_17,41.6,70.1,48.0,20.2,11.4,3.8,7.9,8.6,28.0,4.0,10.0
Liverpool,26.1,54,0.0,16_17,62.0,82.4,78.0,17.3,16.8,6.2,10.9,9.9,55.0,2.0,13.0
Manchester City,28.5,71,0.0,16_17,64.9,85.5,80.0,15.4,16.7,5.7,13.3,11.2,51.0,6.0,11.0
Manchester Utd,26.7,80,1.0,16_17,56.7,84.2,54.0,16.4,15.6,5.5,10.6,11.6,40.0,4.0,7.0
Middlesbrough,27.3,79,1.0,16_17,46.8,77.3,27.0,20.4,9.2,2.6,10.5,10.3,14.0,3.0,7.0
Southampton,26.0,61,1.0,16_17,54.1,80.5,41.0,17.1,14.5,4.7,8.4,10.9,29.0,0.0,7.0
Stoke,28.7,72,1.0,16_17,46.1,75.3,41.0,21.3,11.2,3.6,9.6,11.4,24.0,0.0,9.0
Sunderland,26.8,84,3.0,16_17,39.3,72.6,29.0,16.2,10.2,3.1,8.4,10.2,18.0,0.0,5.0
Swansea City,27.4,56,0.0,16_17,47.3,78.9,45.0,17.9,10.7,3.8,8.3,11.0,24.0,1.0,17.0
Tottenham,25.3,62,0.0,16_17,60.5,82.5,86.0,15.1,17.6,6.8,11.8,12.0,61.0,3.0,13.0
Watford,29.0,90,3.0,16_17,45.9,74.0,40.0,19.1,11.1,3.8,8.9,10.7,25.0,0.0,11.0
West Bromwich Albion,29.4,80,0.0,16_17,,,,,,,,,,,
West Ham,27.1,86,4.0,16_17,46.7,78.2,47.0,19.1,13.1,3.6,10.7,12.0,24.0,3.0,16.0
Arsenal,26.8,57,,17_18,58.5,84.3,74.0,17.0,15.6,6.2,10.1,9.9,54.0,0.0,15.0
Bournemouth,26.9,57,,17_18,48.5,77.0,45.0,19.0,12.2,4.2,9.0,10.8,26.0,0.0,16.0
Brighton,27.5,54,,17_18,45.1,74.9,34.0,21.4,10.1,3.1,7.8,7.3,23.0,0.0,5.0
Burnley,27.5,65,,17_18,45.1,70.5,36.0,25.2,9.9,3.4,5.7,11.1,27.0,0.0,8.0
Chelsea,26.7,46,,17_18,54.4,84.3,62.0,16.2,15.9,5.8,13.5,10.7,45.0,1.0,11.0
Crystal Palace,27.1,72,,17_18,46.9,75.4,45.0,20.2,12.5,4.0,12.7,10.6,23.0,3.0,10.0
Everton,26.7,55,,17_18,46.7,74.3,44.0,20.4,9.4,3.2,6.9,9.6,29.0,2.0,6.0
Huddersfield,26.4,65,,17_18,46.4,74.0,28.0,21.2,9.5,2.9,7.3,9.6,17.0,2.0,4.0
Leicester,27.2,60,,17_18,48.3,74.7,56.0,20.9,11.1,3.9,11.1,9.4,29.0,7.0,12.0
Liverpool,25.6,44,,17_18,58.0,83.8,84.0,15.7,16.8,6.1,11.6,8.0,60.0,9.0,11.0
Manchester City,26.4,63,,17_18,66.4,89.0,106.0,13.8,17.5,7.0,13.2,9.3,78.0,4.0,15.0
Manchester Utd,26.7,64,,17_18,53.9,83.6,68.0,16.6,13.5,4.7,12.3,11.1,48.0,4.0,14.0
Newcastle,25.6,54,,17_18,43.8,72.3,39.0,23.8,11.9,3.9,8.0,9.7,23.0,4.0,11.0
Southampton,26.2,65,,17_18,51.0,77.5,37.0,18.5,11.8,3.8,10.0,9.9,19.0,2.0,12.0
Stoke,27.5,62,,17_18,43.7,71.5,35.0,26.0,10.1,3.5,8.6,9.9,22.0,2.0,10.0
Swansea City,27.2,51,,17_18,46.0,78.2,28.0,18.5,8.9,2.7,8.4,10.5,16.0,0.0,10.0
Tottenham,25.8,52,,17_18,58.8,83.8,74.0,16.3,16.4,5.7,11.5,10.4,48.0,8.0,12.0
Watford,27.9,65,,17_18,49.3,75.5,44.0,22.6,11.6,3.5,8.7,10.0,29.0,1.0,9.0
West Bromwich Albion,29.1,73,,17_18,,,,,,,,,,,
West Ham,28.0,75,,17_18,46.4,75.5,48.0,19.8,9.8,3.5,11.1,11.8,32.0,4.0,10.0
Arsenal,26.7,74,2.0,18_19,24.1,83.3,73.0,14.9,12.3,4.5,8.0,12.0,49.0,3.0,13.0
Bournemouth,26.6,60,1.0,18_19,47.7,78.1,56.0,18.8,11.7,4.3,7.7,11.6,26.0,9.0,13.0
Brighton,27.4,62,4.0,18_19,44.1,74.8,35.0,22.0,9.8,2.8,7.1,7.9,12.0,4.0,14.0
Burnley,28.0,75,1.0,18_19,17.9,70.3,45.0,27.6,9.5,3.1,5.4,9.4,26.0,1.0,14.0
Cardiff City,27.7,66,1.0,18_19,39.1,63.9,34.0,25.8,11.0,3.3,6.8,10.3,19.0,0.0,11.0
Chelsea,27.3,49,0.0,18_19,20.3,87.6,63.0,14.0,16.0,5.2,11.8,11.2,45.0,1.0,10.0
Crystal Palace,27.4,59,2.0,18_19,46.6,76.8,51.0,18.1,13.0,3.9,9.9,10.3,28.0,2.0,8.0
Everton,25.7,57,4.0,18_19,51.0,77.3,54.0,23.5,13.1,4.4,8.7,11.0,33.0,2.0,16.0
Fulham,26.0,72,2.0,18_19,49.2,80.3,34.0,19.7,11.9,3.8,9.3,9.0,24.0,2.0,5.0
Huddersfield,26.2,57,4.0,18_19,47.1,75.8,22.0,22.6,10.6,3.1,6.1,9.7,10.0,1.0,9.0
Leicester,25.9,63,5.0,18_19,50.8,79.2,51.0,21.5,13.6,4.8,10.3,9.9,24.0,8.0,11.0
Liverpool,26.1,41,2.0,18_19,58.8,84.4,89.0,16.0,15.1,5.9,9.4,9.1,53.0,6.0,20.0
Manchester City,26.7,44,1.0,18_19,51.9,89.0,95.0,14.3,18.0,6.8,11.5,7.9,72.0,5.0,11.0
Manchester Utd,26.3,77,4.0,18_19,53.3,82.3,65.0,18.3,13.8,5.9,8.4,10.4,40.0,4.0,12.0
Newcastle,26.9,57,2.0,18_19,42.9,72.9,42.0,21.2,11.7,3.7,6.2,8.7,29.0,1.0,10.0
Southampton,25.4,75,3.0,18_19,45.4,74.0,45.0,20.4,12.7,4.3,7.6,9.0,31.0,1.0,8.0
Tottenham,26.8,58,3.0,18_19,56.7,83.2,67.0,16.1,14.1,5.0,9.7,9.6,41.0,5.0,16.0
Watford,28.5,80,4.0,18_19,47.4,76.1,52.0,20.3,11.5,4.0,7.7,10.1,35.0,3.0,12.0
West Ham,27.6,59,1.0,18_19,49.0,78.7,52.0,16.9,11.6,4.1,10.2,10.2,32.0,3.0,11.0
Wolves,26.1,73,1.0,18_19,47.4,78.2,47.0,21.6,12.6,4.0,8.7,8.6,26.0,5.0,11.0
Arsenal,25.8,88,5.0,19_20,53.7,83.6,56.0,13.5,10.7,4.0,10.8,11.5,39.0,2.0,12.0
Aston Villa,25.7,70,1.0,19_20,43.3,76.9,41.0,19.0,12.0,3.9,9.2,13.8,23.0,1.0,15.0
Bournemouth,25.2,78,3.0,19_20,43.4,75.4,40.0,21.1,10.2,3.2,8.6,10.2,17.0,2.0,15.0
Brighton,26.4,59,2.0,19_20,52.2,81.0,39.0,18.7,12.2,3.8,8.8,8.6,20.0,2.0,12.0
Burnley,28.0,67,0.0,19_20,41.0,70.0,43.0,25.5,10.2,3.5,6.5,9.7,23.0,2.0,13.0
Chelsea,25.5,60,0.0,19_20,60.6,85.2,69.0,18.7,16.4,5.9,12.1,10.1,44.0,7.0,11.0
Crystal Palace,29.4,62,2.0,19_20,44.3,76.5,31.0,20.8,9.9,3.2,11.4,12.6,18.0,1.0,7.0
Everton,25.5,76,3.0,19_20,48.8,78.0,44.0,23.1,12.3,4.3,9.8,10.4,27.0,3.0,11.0
Leicester,26.1,43,3.0,19_20,57.4,82.8,67.0,17.8,14.2,5.0,9.9,11.7,44.0,9.0,7.0
Liverpool,26.6,38,1.0,19_20,63.5,84.3,85.0,17.6,15.6,6.1,10.2,7.7,51.0,10.0,17.0
Manchester City,26.9,64,4.0,19_20,66.6,89.3,102.0,13.6,19.6,7.0,12.8,7.8,73.0,4.0,17.0
Manchester Utd,24.8,73,0.0,19_20,55.9,83.6,66.0,15.0,14.3,5.7,11.7,11.2,41.0,6.0,8.0
Newcastle,26.5,66,3.0,19_20,37.8,75.3,38.0,19.8,10.5,3.5,10.5,11.1,23.0,1.0,14.0
Norwich,26.0,68,3.0,19_20,49.1,80.5,26.0,14.1,10.8,3.4,11.2,11.3,20.0,0.0,3.0
Sheffield,26.9,63,2.0,19_20,42.1,74.4,39.0,25.3,9.3,3.0,9.1,8.1,26.0,3.0,6.0
Southampton,25.9,55,4.0,19_20,48.6,73.4,51.0,21.7,13.1,4.8,11.1,10.2,36.0,2.0,11.0
Tottenham,26.7,84,3.0,19_20,51.9,81.4,61.0,17.1,11.7,4.2,11.8,11.2,37.0,8.0,8.0
Watford,28.9,80,3.0,19_20,41.9,73.5,36.0,21.9,11.2,3.2,8.4,9.0,21.0,3.0,4.0
West Ham,27.4,64,1.0,19_20,43.5,76.1,49.0,22.9,11.0,4.3,10.4,9.1,28.0,3.0,14.0
Wolves,26.6,61,2.0,19_20,48.0,79.2,51.0,20.7,12.1,3.9,13.4,9.5,29.0,5.0,11.0
Arsenal,25.9,49,5.0,20_21,53.4,85.0,55.0,13.5,12.1,4.0,7.8,10.5,40.0,1.0,6.0
Aston Villa,25.2,71,4.0,20_21,47.8,78.6,55.0,19.4,13.7,4.9,9.7,14.6,32.0,4.0,11.0
Brighton,25.8,49,6.0,20_21,50.8,81.3,40.0,14.2,12.8,3.8,9.2,9.4,26.0,0.0,7.0
Burnley,28.3,48,0.0,20_21,41.5,71.6,33.0,23.4,10.1,3.4,6.2,10.2,20.0,1.0,8.0
Chelsea,26.0,51,3.0,20_21,61.2,87.0,58.0,15.2,14.6,5.5,9.4,9.6,34.0,2.0,12.0
Crystal Palace,29.1,56,2.0,20_21,39.9,76.1,41.0,18.3,9.2,3.5,9.6,11.5,26.0,3.0,7.0
Everton,26.3,59,2.0,20_21,46.5,81.4,47.0,17.7,10.5,3.9,9.5,10.3,27.0,0.0,14.0
Fulham,25.2,67,3.0,20_21,49.5,81.2,27.0,17.2,11.6,3.6,13.3,9.8,18.0,1.0,4.0
Leeds,26.1,61,1.0,20_21,57.8,80.8,62.0,14.5,13.7,5.2,8.4,10.8,38.0,7.0,11.0
Leicester,26.5,61,0.0,20_21,54.4,82.1,68.0,16.2,12.8,4.9,9.4,11.1,44.0,4.0,6.0
Liverpool,26.8,40,0.0,20_21,62.3,85.7,68.0,14.3,16.0,5.6,10.7,8.3,42.0,5.0,12.0
Manchester City,26.1,46,2.0,20_21,63.7,89.3,80.0,12.6,15.4,5.5,12.5,9.7,58.0,3.0,13.0
Manchester Utd,25.6,64,1.0,20_21,55.6,84.8,73.0,14.5,13.8,5.6,10.9,10.5,47.0,6.0,7.0
Newcastle,27.1,65,3.0,20_21,38.0,76.0,46.0,17.1,10.4,3.7,9.2,11.1,25.0,3.0,10.0
Sheffield,26.7,73,3.0,20_21,41.0,76.9,20.0,19.1,8.5,2.6,7.1,7.7,12.0,0.0,4.0
Southampton,26.6,52,3.0,20_21,51.7,79.3,47.0,14.1,11.2,4.4,9.0,11.1,27.0,0.0,15.0
Tottenham,27.2,57,2.0,20_21,51.4,81.8,68.0,16.4,11.7,4.6,10.6,12.3,49.0,5.0,7.0
West Bromwich Albion,26.4,51,4.0,20_21,,,,,,,,,,,
West Ham,27.8,50,3.0,20_21,42.5,77.8,62.0,19.9,12.3,4.3,7.8,9.3,36.0,6.0,16.0
Wolves,26.3,55,1.0,20_21,49.2,83.1,35.0,15.2,12.0,4.0,12.2,9.9,18.0,2.0,9.0
Arsenal,24.4,67,4.0,21_22,52.6,83.4,61.0,12.4,15.5,5.2,8.4,9.4,33.0,6.0,16.0
Aston Villa,26.1,81,2.0,21_22,46.3,79.7,52.0,14.3,12.2,4.3,8.8,13.3,31.0,4.0,12.0
Brentford,25.4,65,3.0,21_22,44.3,73.7,48.0,19.0,11.6,4.1,6.9,9.6,24.0,1.0,15.0
Brighton,26.2,72,2.0,21_22,54.3,81.7,42.0,15.1,12.9,4.0,8.3,9.3,26.0,2.0,8.0
Burnley,28.5,68,2.0,21_22,39.1,69.2,34.0,21.9,10.7,3.3,6.8,8.7,19.0,1.0,11.0
Chelsea,27.4,63,1.0,21_22,62.2,87.1,76.0,14.3,15.6,5.6,9.6,10.3,56.0,0.0,11.0
Crystal Palace,27.1,69,1.0,21_22,50.8,80.3,50.0,16.1,10.8,3.9,10.1,12.7,34.0,2.0,8.0
Everton,26.7,82,6.0,21_22,39.1,73.3,43.0,16.8,11.5,3.6,8.9,10.2,23.0,3.0,10.0
Leeds,26.1,101,3.0,21_22,51.9,78.0,42.0,12.6,12.8,4.1,8.9,9.7,27.0,0.0,10.0
Leicester,26.5,55,1.0,21_22,51.8,81.8,62.0,14.0,11.4,4.4,7.8,10.4,48.0,4.0,8.0
Liverpool,27.7,50,1.0,21_22,63.1,84.9,94.0,15.1,19.2,6.7,9.0,7.5,64.0,4.0,19.0
Manchester City,27.0,42,1.0,21_22,68.2,89.7,99.0,12.7,18.8,6.7,11.2,8.7,66.0,2.0,21.0
Manchester Utd,27.2,77,2.0,21_22,52.1,82.8,57.0,14.7,13.4,4.9,9.7,8.4,42.0,4.0,7.0
Newcastle,27.5,81,2.0,21_22,39.4,74.5,43.0,17.5,11.7,3.9,9.4,9.6,23.0,3.0,12.0
Norwich,26.2,57,1.0,21_22,42.3,77.5,23.0,13.0,9.8,2.9,7.8,11.3,14.0,1.0,3.0
Southampton,25.7,65,2.0,21_22,47.4,76.6,43.0,17.8,12.7,4.5,9.2,9.6,21.0,2.0,14.0
Tottenham,26.5,69,1.0,21_22,51.6,84.9,69.0,14.7,12.8,5.2,9.7,10.5,46.0,4.0,8.0
Watford,28.4,63,3.0,21_22,39.7,72.9,34.0,18.9,10.5,3.3,10.4,9.3,24.0,2.0,6.0
West Ham,28.2,52,3.0,21_22,47.4,80.6,60.0,16.9,11.8,4.1,8.1,7.3,34.0,6.0,14.0
Wolves,27.3,62,2.0,21_22,49.3,81.3,38.0,12.2,10.6,3.6,11.8,8.8,21.0,3.0,10.0
Arsenal,24.7,51,0.0,22_23,59.7,85.4,88.0,12.9,15.6,5.4,9.4,11.4,62.0,4.0,15.0
Aston Villa,27.0,80,1.0,22_23,49.2,81.1,51.0,11.7,11.3,4.0,7.8,13.1,31.0,5.0,10.0
Bournemouth,26.3,68,0.0,22_23,40.0,77.5,37.0,13.8,9.4,3.5,8.7,9.6,27.0,1.0,9.0
Brentford,26.2,57,1.0,22_23,43.3,74.8,58.0,17.6,10.7,4.3,7.0,10.5,27.0,6.0,16.0
Brighton,26.3,58,0.0,22_23,60.5,85.9,72.0,11.7,16.1,6.1,9.1,10.7,53.0,3.0,6.0
Chelsea,26.3,81,3.0,22_23,58.8,85.8,38.0,13.1,12.7,4.2,10.0,12.2,25.0,1.0,8.0
Crystal Palace,26.7,82,3.0,22_23,45.8,79.3,40.0,13.1,11.2,3.6,9.7,12.6,21.0,5.0,11.0
Everton,26.6,81,2.0,22_23,42.5,77.0,34.0,15.3,11.3,4.0,8.1,10.1,18.0,4.0,7.0
Fulham,28.2,80,1.0,22_23,48.6,80.0,55.0,13.5,11.3,3.9,7.4,10.7,30.0,3.0,14.0
Leeds,25.3,89,3.0,22_23,46.3,74.9,48.0,15.5,12.2,3.8,7.1,10.7,31.0,2.0,11.0
Leicester,26.1,63,2.0,22_23,47.7,80.3,51.0,13.5,11.0,4.0,7.7,10.4,33.0,4.0,9.0
Liverpool,27.4,57,1.0,22_23,60.6,84.2,75.0,12.7,15.9,5.6,8.6,8.4,45.0,7.0,17.0
Manchester City,27.2,44,1.0,22_23,65.2,89.2,94.0,11.6,15.8,5.8,8.8,10.1,62.0,7.0,14.0
Manchester Utd,26.9,78,2.0,22_23,53.8,82.3,58.0,12.3,15.6,5.7,8.4,7.8,39.0,9.0,5.0
Newcastle,27.3,61,1.0,22_23,52.2,79.8,68.0,14.7,15.0,5.2,9.2,10.5,43.0,5.0,10.0
Nottingham Forest,26.5,84,0.0,22_23,37.2,72.3,38.0,14.8,9.7,3.1,6.9,10.3,20.0,3.0,10.0
Southampton,24.7,73,0.0,22_23,44.1,77.3,36.0,14.6,11.0,3.7,9.5,9.9,17.0,5.0,12.0
Tottenham,27.6,77,3.0,22_23,49.8,83.4,70.0,14.6,13.6,5.2,8.1,9.3,43.0,4.0,16.0
West Ham,28.2,44,0.0,22_23,41.4,78.2,42.0,16.4,12.5,3.8,6.6,8.3,23.0,1.0,11.0
Wolves,26.7,85,6.0,22_23,50.1,81.3,31.0,12.3,10.8,3.3,10.1,10.2,15.0,4.0,6.0
Arsenal,25.0,64,2.0,23_24,58.4,86.8,91.0,13.6,17.3,6.0,7.4,10.4,49.0,7.0,20.0
Aston Villa,26.9,94,2.0,23_24,52.8,85.6,76.0,8.9,13.6,5.0,9.1,12.4,47.0,7.0,14.0
Bournemouth,25.7,79,3.0,23_24,44.0,77.1,54.0,15.7,14.3,4.9,10.1,9.9,34.0,5.0,11.0
Brentford,26.6,89,2.0,23_24,44.9,76.6,56.0,16.9,12.4,4.5,6.4,11.0,38.0,3.0,10.0
Brighton,25.9,90,3.0,23_24,60.2,89.0,55.0,10.8,14.8,5.5,7.8,11.9,36.0,1.0,8.0
Burnley,24.5,77,7.0,23_24,46.9,79.5,41.0,15.2,11.4,3.7,7.9,9.3,31.0,1.0,5.0
Chelsea,24.2,109,4.0,23_24,59.0,87.5,77.0,11.8,14.4,5.7,10.5,11.9,50.0,3.0,12.0
Crystal Palace,26.8,73,2.0,23_24,41.6,79.2,57.0,14.8,12.0,4.4,9.0,11.2,45.0,2.0,5.0
Everton,27.1,82,1.0,23_24,40.1,75.6,40.0,18.3,13.3,4.3,6.6,9.5,18.0,1.0,19.0
Fulham,28.4,84,4.0,23_24,50.3,82.5,55.0,13.0,13.2,4.7,7.1,9.6,38.0,3.0,11.0
Liverpool,26.3,69,5.0,23_24,61.3,85.8,86.0,15.6,20.8,7.3,8.7,9.9,53.0,6.0,15.0
Luton,26.7,71,0.0,23_24,41.8,76.1,52.0,17.0,11.4,3.7,9.3,11.8,26.0,3.0,15.0
Manchester City,26.6,53,2.0,23_24,65.4,90.5,96.0,8.7,18.2,7.3,9.9,10.8,67.0,2.0,16.0
Manchester Utd,26.1,83,1.0,23_24,50.4,82.7,57.0,11.6,14.5,5.1,8.2,8.9,39.0,3.0,9.0
Newcastle,27.2,79,1.0,23_24,52.2,82.7,85.0,12.0,14.5,5.6,9.3,12.3,52.0,8.0,15.0
Nottingham Forest,25.7,82,3.0,23_24,40.1,78.6,49.0,15.7,11.9,3.9,7.2,9.8,32.0,9.0,7.0
Sheffield,25.7,101,5.0,23_24,35.0,72.3,35.0,15.9,9.6,3.4,6.6,8.4,18.0,2.0,6.0
Tottenham,25.2,92,4.0,23_24,62.0,87.4,74.0,9.7,15.4,5.7,9.4,13.4,53.0,3.0,11.0
West Ham,28.3,82,3.0,23_24,40.5,79.1,60.0,15.3,11.8,4.1,9.3,10.3,31.0,9.0,14.0
Wolves,26.6,102,4.0,23_24,48.6,82.4,50.0,11.8,11.3,4.2,10.9,10.7,26.0,3.0,14.0
Arsenal,25.8,70,6.0,24_25,57.1,87.1,69.0,12.7,14.4,4.9,8.4,10.7,41.0,9.0,15.0
Aston Villa,27.0,76,4.0,24_25,50.6,85.3,58.0,10.2,12.7,4.5,8.6,13.1,33.0,4.0,16.0
Bournemouth,25.1,97,3.0,24_25,48.4,79.8,58.0,15.3,15.3,5.3,7.7,10.5,34.0,6.0,11.0
Brentford,25.8,62,1.0,24_25,47.7,80.7,66.0,16.6,11.6,4.8,7.0,8.9,43.0,4.0,13.0
Brighton,24.8,78,3.0,24_25,52.3,84.7,66.0,13.9,14.0,5.0,8.9,10.8,42.0,2.0,13.0
Chelsea,23.7,101,2.0,24_25,57.1,86.7,64.0,10.8,15.7,5.7,8.6,11.7,38.0,7.0,12.0
Crystal Palace,26.2,80,4.0,24_25,42.4,77.3,51.0,13.7,13.6,4.9,5.5,10.6,23.0,7.0,16.0
Everton,28.0,82,2.0,24_25,40.5,78.9,42.0,16.5,10.7,3.8,7.4,10.1,21.0,4.0,12.0
Fulham,28.1,80,2.0,24_25,52.3,84.5,54.0,14.3,13.7,4.6,7.6,9.4,43.0,3.0,4.0
Ipswich,25.8,93,5.0,24_25,40.0,80.4,36.0,14.8,9.9,3.3,7.3,10.6,21.0,6.0,6.0
Leicester,26.5,87,0.0,24_25,45.2,81.8,33.0,13.5,8.8,2.9,6.9,10.3,22.0,2.0,7.0
Liverpool,27.2,67,3.0,24_25,57.9,86.3,86.0,10.8,17.1,6.1,7.9,9.4,52.0,14.0,10.0
Manchester City,26.8,59,2.0,24_25,61.6,89.9,72.0,8.2,16.0,5.7,9.9,10.1,58.0,3.0,7.0
Manchester Utd,25.5,86,3.0,24_25,53.5,84.4,44.0,13.0,13.9,4.6,6.6,9.8,24.0,4.0,10.0
Newcastle,27.4,68,1.0,24_25,51.3,83.6,68.0,13.2,13.8,4.6,7.4,11.8,44.0,5.0,12.0
Nottingham Forest,26.1,90,2.0,24_25,40.7,78.7,58.0,15.2,12.2,4.4,6.8,11.0,30.0,7.0,17.0
Southampton,25.2,89,3.0,24_25,48.6,85.6,26.0,12.5,9.0,2.9,8.2,11.1,15.0,3.0,7.0
Tottenham,25.0,72,1.0,24_25,54.8,85.0,64.0,11.3,13.1,4.9,8.1,12.7,38.0,10.0,10.0
West Ham,28.1,82,3.0,24_25,48.6,82.7,46.0,15.6,12.5,3.8,9.1,10.4,28.0,4.0,8.0
Wolves,26.9,79,2.0,24_25,47.9,82.7,54.0,12.0,11.3,4.2,8.5,11.2,36.0,8.0,9.0
Arsenal,26.7,40,0.0,25_26,56.6,84.2,59.0,16.5,14.3,4.9,7.3,10.5,30.0,3.0,19.0
Aston Villa,28.4,45,1.0,25_26,53.5,85.0,39.0,13.1,12.6,4.3,6.3,12.8,25.0,1.0,11.0
Bournemouth,25.7,69,1.0,25_26,49.8,79.6,44.0,16.4,13.7,4.8,7.5,10.0,21.0,7.0,13.0
Brentford,25.9,56,1.0,25_26,47.1,79.3,44.0,19.5,10.5,4.0,6.4,9.1,20.0,9.0,8.0
Brighton,26.5,72,0.0,25_26,53.0,84.0,38.0,14.9,12.8,4.4,7.4,10.0,27.0,0.0,7.0
Burnley,27.8,50,2.0,25_26,41.3,78.5,32.0,15.9,9.1,2.9,4.9,8.8,19.0,1.0,7.0
Chelsea,24.8,73,7.0,25_26,58.7,87.1,53.0,14.1,13.5,4.8,7.3,11.4,28.0,5.0,12.0
Crystal Palace,26.8,62,2.0,25_26,45.2,78.0,33.0,19.1,11.7,3.8,4.2,9.1,16.0,0.0,10.0
Everton,28.0,55,4.0,25_26,44.1,79.8,34.0,22.6,11.1,3.4,6.6,11.4,18.0,3.0,9.0
Fulham,28.9,60,0.0,25_26,51.7,83.9,40.0,14.3,12.2,3.8,5.9,9.0,22.0,2.0,9.0
Leeds,27.3,46,0.0,25_26,45.4,79.9,37.0,17.9,12.5,3.9,5.5,11.2,19.0,1.0,13.0
Liverpool,27.3,44,1.0,25_26,60.3,86.0,48.0,16.1,15.8,4.5,8.1,10.1,29.0,4.0,12.0
Manchester City,26.0,54,0.0,25_26,59.7,88.4,59.0,13.0,14.4,5.2,10.2,10.9,37.0,9.0,7.0
Manchester Utd,26.6,43,1.0,25_26,53.4,82.9,51.0,17.1,15.9,5.8,6.6,10.7,29.0,3.0,14.0
Newcastle,27.6,51,3.0,25_26,53.4,83.6,42.0,17.9,13.3,4.7,7.0,11.1,19.0,3.0,14.0
Nottingham Forest,26.4,44,1.0,25_26,47.7,82.7,28.0,14.8,12.9,3.9,7.5,11.3,17.0,3.0,6.0
Sunderland,25.8,58,2.0,25_26,43.5,78.8,30.0,18.8,9.5,3.1,5.3,10.4,14.0,2.0,7.0
Tottenham,26.0,76,4.0,25_26,49.8,81.3,39.0,14.8,11.0,3.7,9.1,9.6,22.0,2.0,14.0
West Ham,27.0,51,3.0,25_26,42.5,79.2,35.0,15.2,10.5,3.5,6.7,10.7,17.0,5.0,8.0
Wolves,26.6,65,3.0,25_26,42.7,79.8,22.0,15.6,9.1,3.2,6.7,10.7,12.0,2.0,5.0
